"6","3","1","http://www.facebook.com/profile.php?id=512077902","Kim","These guys detail some up-coming stuff. \nhttp://poetsonfire.blogspot.com/\nThey held one in November at the Tea Box in Richmond http://www.theteabox.co.uk/ which was good. \nBest of luck\nKim","Chris"
"7","3","2","http://www.facebook.com/profile.php?id=585836195","Dasha","Whitechapel Gallery near Aldgate East tube station (just off brick lane) hosts this kind of thing.","Chris"
"8","3","3","http://www.facebook.com/profile.php?id=578046156","Missy","Hey Robert, you should try Peter Parkers Rock n Roll club on Denmark Street near Charing Cross road. I went there last Tuesday and there was a open mic/poetry as well as live music from a  friend of mine. Check it out!","Chris"
"9","3","4","http://www.facebook.com/profile.php?id=662070028","Rob","Thanks for the recommendations.\n\nWill duly check them out. if i find a good space to set up something I'll be sure to post it on here :)","Chris"
"10","3","5","http://www.facebook.com/profile.php?id=585836195","Dasha","I read your post in a hurry... \nSet one up!! That would be amazing :) The more the merrier, surely. \nBy the way, what are 'bedroom poetry' sessions?","Chris"
"11","3","6","","Mark","Poetry Shmoetry is a night of poems old and new, learned by heart. It started in Edinburgh and has now started up a London branch as well. It's happened twice in Nunhead and will probably be in Clerkenwell next.\n\nhttp://www.facebook.com/photo.php?pid=1902154&id=507459403#/group.php?gid=199634493064&ref=ts","Chris"
"12","3","7","http://www.facebook.com/profile.php?id=662070028","Rob","Bedroom poetry is written in catharsis and should be kept to the bedroom. Not performed. We all write it, but none of us particularly want to hear each others.\n\nThanks Mark, right around the corner from my work too :)","Chris"
"13","3","8","http://www.facebook.com/profile.php?id=521095492","Lucy","Bang Said The Gun is a weekly open mic night for poetry and spoken word... It's a good laugh, doesn't take itself too seriously, but draws in some awesome people - Michael Horovitz, Charlie Dark... and its only 3 pound. Every Thursday at The Roebuck in SE1\n\nhttp://www.bangsaidthegun.com/\n\nxx","Chris"
"14","3","9","http://www.facebook.com/profile.php?id=662070028","Rob","Aye, one of those gents performed at the Poetry Place recently.\n\nOh that is one for the list. Just rediscovered it after a two year absence. It's become very popular for good reasons :)","Chris"
"15","3","10","http://www.facebook.com/profile.php?id=538196693","Scott","For prose go to: http://decongested.org.uk/\n\n'Tales of the Decongested...\n...is our monthly evening of live fiction, run monthly at The Wheatsheaf on Rathbone Place. Established authors reading their work alongside emerging talent. The mix is eclectic.'\n","Chris"
"16","3","11","http://www.facebook.com/profile.php?id=537825390","Yasmin","look at http://www.swisticming.com\n\nunder 'culture shock', they list open mic nights/ poetry readings etc that are happening in london\n\nmight be worth a gander\n:)\n\nhttp://www.facebook.com/group.php?gid=241572374932&ref=ts","Chris"
"17","3","12","http://www.facebook.com/profile.php?id=600752720","Stu","Anything organised by Utter!!! Y Tuesday, Beat and Bang Said The Gun are all poetry based open mics, google them and you should find them on facebook or myspace.","Chris"
"18","32","1","http://www.facebook.com/profile.php?id=36807646","Alina","I am in a theatre company called Poimandres Productions. We will soon be holding auditions in Camden at the Invisible Dot. Check out our Facebook group for more details -  http://www.facebook.com/#!/group.php?gid=186031641639 ","anna"
"23","4","1","http://www.facebook.com/profile.php?id=100000560152255","Jasbir","Hi does anyone know of any cheap bowling lanes, not Allstars? Apparently those one get booked about seven to eight weeks in advance, and I need one soon! Any ideas?","Jamie"
"24","4","2","http://www.facebook.com/profile.php?id=543576408","Karen","Bloomsbury Bowl is good - Google it!","Jamie"
"25","4","3","http://www.facebook.com/profile.php?id=744017039","Chantal","There's a bowling alley in the arcade near St Thomas's hospital on the South Bank, and there are no queues","Jamie"
"26","4","4","http://www.facebook.com/profile.php?id=690790662","Roxanne","Awesome bowling! http://www.shakerattleandbowl.com/london/index.html","Jamie"
"27","1","1","http://www.facebook.com/profile.php?id=614001627","Jane","I really love Brindisa in Exmouth Market it's great for Spanish cured Ham and some hot smoked paprika. If you're looking for lovely spices go to the Edgware Road grocery I like sumac or whole smoked almond.","Georgia"
"28","1","2","http://www.facebook.com/profile.php?id=612053205","Kim","There is a pretty great Bengali supermarket on Brick Lane it's got a wide range of spices. Lewisham High Street also has an amazing range of fruit, veg and spices,tamerind, galangal and many boxes of lychees.","Georgia"
"29","1","3","http://www.facebook.com/profile.php?id=277700983","Lauren","I agree about going to the Brick Lane area for spices and ingredients for Asian cooking. It's also worth trying Garcia & Sons which is a Spanish deli on Portobello Rd, i think it's pretty good...\nIn my opinion Borough Market has to be the best. Although it's expensive and crowded it's still an amazing place for rummaging for good food. ","Georgia"
"33","5","1","http://www.facebook.com/profile.php?id=669805405","TH","How about Shunt?","Rob"
"34","5","2","http://www.facebook.com/profile.php?id=601305270","Lucia","I think it closed down a while ago.","rob"
"35","5","3","http://www.facebook.com/profile.php?id=749646421","Edward","It's open again!","rob"
"36","5","4","http://www.facebook.com/profile.php?id=804803708","Carl","Not central but I recommend the Royal Navel college in Greenwich Uni. Also try The Trafalgar pub in Greenwich.","rob"
"37","5","5","http://www.facebook.com/profile.php?id=60502564","Caroline","Fantastic, thank you. Great news that Shunt isn't closing.","rob"
"40","25","1","http://www.facebook.com/profile.php?id=535481062","Chi","In Soho there is a place called Balans which is open til 5am","anna"
"41","25","2","http://www.facebook.com/profile.php?id=506234017","Frances","A good place for people watching, which seems to always be open, is Bar Italia in Soho","anna"
"42","25","3","http://www.facebook.com/profile.php?id=530211619","Stephen","There is cafe opposite Liverpool Station. Although it's not all that nice, it's good if you get the early morning munchies",""
"43","25","4","http://www.facebook.com/profile.php?id=511417812","Syafiqua","Cafe 1001 on Brick Lane","anna"
"44","25","5","http://www.facebook.com/profile.php?id=662070028","Robert","I've also never seen Bar Italia to be closed. I know of a seedy place in Shepherd's Bush","anna"
"45","25","6","http://www.facebook.com/profile.php?id=886970262","Ian","There is bagel shop on Kingsland Road/Stoke Newington High Street that is open all night. Highly recommend the salt beef.","anna"
"46","25","7","http://www.facebook.com/profile.php?id=505252422","Salem","Beigel Bake","anna"
"47","25","8","http://www.facebook.com/profile.php?id=222402041","Christopher","Vingt Quarte in Chelsea is open 24 hours. It's a bistro that is a good alternative to fast food. I also second the Beigel Bake.","anna"
"48","2","1","http://www.facebook.com/profile.php?id=684075462","Andrew","Apparently there are about a dozen ceramic noses of different sizes attached to buildings in Soho - does anyone know where specifically?","Charlotte"
"49","2","2","http://www.facebook.com/profile.php?id=658185065","Rebecca","About two metres up from the ground on the left hand side of Admiralty Arch","Charlotte"
"50","2","3","http://www.facebook.com/profile.php?id=515977968","Adam","I think there's one in Piccadilly Circus, attached to the Trocadero.","Charlotte"
"51","22","1","http://www.facebook.com/profile.php?id=223101991","Claudia","Hi I've never been to a comedy night before, so I'm looking for a good one to go on a Friday. Is the Comedy Store any good?","Jamie"
"52","22","2","http://www.facebook.com/profile.php?id=505240758","Lisa","The Boat Show can be quite cool, and it's on a paddle steamer on the Thames. Cheap too! Try lastminute.com","Jamie"
"53","22","3","http://www.facebook.com/profile.php?id=223101991","Claudia","Great, thank-you!","Jamie"
"54","22","4","http://www.facebook.com/profile.php?id=735896492","Peter","Up The Creek in Greenwich is good. 10 pound on a Friday plus a disco until 2am. And you can get the DLR or Thames Clipped back to Central London. Loads of big names like Russells Brand and Howard, Jimmy Carr etc. I think their MySpace has the details.","Jamie"
"55","22","5","http://www.facebook.com/profile.php?id=748485392","Doug","Banana Cabaret in Balham","Jamie"
"56","22","6","http://www.facebook.com/profile.php?id=607005576","Adam","The King's Head in Crouch End is good","Jamie"
"57","22","7","http://www.facebook.com/profile.php?id=612070010","Emma","News Revue is a little different","Jamie"
"58","22","8","http://www.facebook.com/profile.php?id=506731991","Sophie","Hey, Amused Moose is pretty good, I went last night and saw Martin Hill and Spencer Brown and had a great time - really dry humour! It's on Greek Street in Soho, and really intimate.","Jamie"
"70","10","1","http://www.facebook.com/profile.php?id=553845228","Paul","Try Sarastro's!","Julia"
"71","10","2","http://www.facebook.com/profile.php?id=609680326","Ray","Guanabara serves really great brazilian food - and they're pretty close too!","Julia"
"72","10","3","http://www.facebook.com/profile.php?id=654960985","Ewa","For a Martini Bar to die for, and delicious food - Christopher's Bar and Grill on Wellington Street :)","Julia"
"73","10","4","http://www.facebook.com/profile.php?id=61105756","James","good pre theatre menu at the wonderful mon plaisir, just up towards seven dials","Julia"
"74","10","5","http://www.facebook.com/profile.php?id=899385393","Ben","Sitaaray near the top of Drury Lane is this sweet little Indian all you can eat place. They bring around 12 courses - small kebabs done in different styles – and then a couple curry options.  You can then re-order any of your favorite kebabs. The price is fixed around £16 per person (although it’s technically £23, so make sure you ask for the £16 deal). You get poppadoms, dips and naan with it too! Absolutely gorgeous food.","Julia"
"75","10","6","http://www.facebook.com/profile.php?id=571807886","Terry","I've been going to mon plaisir for years, the food is amazing. Definitely worth trying :D","Julia"
"76","10","7","http://www.facebook.com/profile.php?id=602940916","Sally","32 Great Queen Street is simply stunning; it has this absolutely amazing gastro restaurant on the ground floor :) perfect seasonal, adventurous food and a really cute, tasteful and stylish cocktail bar - not swanky - in the basement for purist cocktails. Definitely a top recommendation.","Julia"
"80","8","1","http://www.facebook.com/profile.php?id=651253097","Tom","This is a forum containing photos of secret and hard to reach places in London and elsewhere in the UK -- everywhere from industrial estates to hospitals","Zoe"
"81","8","2","http://www.facebook.com/profile.php?id=859465359","Glenn","This site has photos and info of areas in London in varying degrees of dereliction","Zoe"
"82","23","1","http://www.facebook.com/profile.php?id=60502303","Khushil","I know of one called kitchin-N1 where the lunch buffet is not great, but the dinner buffet is awesome - can anyone suggest others?","Charlotte"
"83","23","2","http://www.facebook.com/profile.php?id=612070010","Emma","There's Rodrizo Rico at several locations:  the O2 Centre, Islignton and Westbourne Grove","Charlotte"
"84","23","3","http://www.facebook.com/profile.php?id=202910464","Katie","There's a brilliant Indian buffet called Indian Veg on Chapel Market - only £3.95 and the booze is cheap too!","Charlotte"
"85","23","4","http://www.facebook.com/profile.php?id=61307314","Kieran","There's unlimited dim sum at Ping Pong on Sundays!","Charlotte"
"86","23","5","http://www.facebook.com/profile.php?id=506612165","Bijal","Does that happen every Sunday?","Charlotte"
"87","23","6","http://www.facebook.com/profile.php?id=61307314","Kieran","Yes - the deal is called 'lazy Sundays' and you need to ask for it when ordering - and you can only order once so get lots! It's about £17 per head.","Charlotte"
"88","23","7","http://www.facebook.com/profile.php?id=506546041","Jazzle","There's really cheap, fantastic food at Little Bay - there's one in Kilburn.  Suitable for family dinners as well as dates.  I particularly recommend thier moules marinee, it's to die for! ","Charlotte"
"89","23","8","http://www.facebook.com/profile.php?id=1009744164","Barry","Those who live in Kingston and like Chinese should head to Finesse, I go there regularly and always love it.","Charlotte"
"91","14","1","http://www.facebook.com/profile.php?id=607650495","Cuffy","There's a good Cemetery at Norwood. But mainly it's got to be Highgate Cemetery....'Victorian Valhalla', as it's known.","Georgia"
"92","14","2","http://www.facebook.com/profile.php?id=197800257","Clare","Highgate has got Marx's grave and Bunhill Fields in Old St has William Blake's so those are ones to check out if that's you kind of thing!","Georgia"
"93","14","3","http://www.facebook.com/profile.php?id=530906813","Patrick","There is a pretty mad looking one in Stoke Newington - it's called Abney Park","Georgia"
"94","14","4","http://www.facebook.com/profile.php?id=719272891","Kevin","I'd suggest Bunhill Fields cemetery it's on City Road EC1 and  Daniel Defoe, John Bunyan and William Blake are all buried there. Much lot of it is enclosed, but i'd say that it was still worth a visit.\nNunhead cemetery in SE15 is described on one site as  'perhaps the least known but most attractive of the magnificent seven Great Victorian Cemeteries of London'. And there's a conducted tour on the last Sunday of each month starting at the Linden Grove gates at 2:15 - www.fonc.org.uk.","Georgia"
"95","14","5","http://www.facebook.com/profile.php?id=899880001","Simon","Bunhill Fields is already my fave place in london although i don't want it to be really busy! I'm planning ond doing a photographic study of all the graves in there - fantastic place. You can acess the enclosed bits when the gardener is working on them. I must have walked past nunhead cemetery hundreds of times - thanks for the tip.","Georgia"
"96","14","6","http://www.facebook.com/profile.php?id=700515873","Matt","Mary Godwin Wollstencroft's grave is in St Pancras churchyard, about five mins walk from St Pancras Station. A while ago, I noticed someone had left some flowers on it, which I thought was nice.","Georgia"
"97","14","7","http://www.facebook.com/profile.php?id=700515873","Matt","The City of London cemetery between Wanstead and Manor Park is also pretty amazing.","Georgia"
"98","14","8","http://www.facebook.com/profile.php?id=516072236","India","Highgate and brompton cemetry are good - although be careful that you don't lose a limb to the squrriels... no seriously run if they come at you in a horde, it's scary","Georgia"
"99","14","9","http://www.facebook.com/profile.php?id=1008550968","Kerry","It's nice to know i'm not the only person fascinated by Victorian graveyards... I was starting to think I was a bit strange! Nunhead is really beautiful. I know a really quirky one - there is a tiny little pet cemetery behind Victoria Lodge in Hyde Park. It's got over 200 graves of cats and dogs. There's no public access unfortunately, but if you walk from Victoria Gate up Bayswater Road towards Lancaster Gate tube you can see the tiny headstones through the park railings.","Georgia"
"100","14","10","http://www.facebook.com/profile.php?id=899880001","Simon","There's nothing strang, Kerry, that's in my opinion anyway","Georgia"
"101","14","11","http://www.facebook.com/profile.php?id=264800037","Yong","Bunhill Fields in London EC1 has already been mentioned, but nobody else mentioned one of my favourite inhabitants of that place: Thomas Bayes!","Georgia"
"102","14","12","http://www.facebook.com/profile.php?id=899880001","Simon","Yep!","Georgia"
"103","14","13","http://www.facebook.com/profile.php?id=1008550968","Kerry","Simon, I'm just about to post some of my daughters B/W photos of Nunhead if you wanted to have a look.....","Georgia"
"104","14","14","http://www.facebook.com/profile.php?id=541276830","Magnus","I guess you all know about this, it's a true sightseeing gem!\n\nhttp://www.shadyoldlady.com/location.php?loc=858\n\nhttp://www.facebook.com/album.php?aid=93190&id=541276830&op=6#/photo.php?pid=2262187&id=541276830\n","Georgia"
"105","14","15","http://www.facebook.com/profile.php?id=1008550968","Kerry","I love that! Poor Giro was electrocuted... wish I knew how he managed that! Here are some photos I have taken: http://www.facebook.com/profile.php?ref=profile&id=1008550968#/photo.php?pid=30619278&id=1008550968, http://www.facebook.com/profile.php?ref=profile&id=1008550968#/album.php?aid=2035110&id=1008550968","Georgia"
"106","14","16","http://www.facebook.com/profile.php?id=899880001","Simon","Cheers kerry","Georgia"
"107","14","17","http://www.facebook.com/profile.php?id=576678806","Sarah"," City of London Cemetry - Matt beat me to it!! It's right near where I live so I've been for walks there and such. Its huge and really visually stunning.","Georgia"
"108","14","20","http://www.facebook.com/profile.php?id=504838280","Anthony","Wow - none of you have mentioned the best of all London's cemeteries and thats Nunhead cemetery. All Victorian massive grounds and on a hill overlooking london and very spooky. I do a lot of photography there too","Georgia"
"109","14","18","http://www.facebook.com/profile.php?id=677367410","Lou","It's a bit further out than all the others, but Brookwood down near Pirbright - it's Surrey as opposed to London, but it used to be called the London Necropolis is pretty interesting.\nThis was the largest cemetery in Europe when it opened and had its own direct line from Waterloo, carrying mourners & coffins on the same train; suitably class-segregated into 1st, 2nd and 3rd. Even the coffins.\n","Georgia"
"110","14","19","http://www.facebook.com/profile.php?id=1511666974","Sarah","Brockley cemetery SE 4 has fascinating graves and is in a woodland it has amazing birdlife too!","Georgia"
"111","18","1","http://www.facebook.com/profile.php?id=883160211","Cara","The Place near Euston",""
"112","18","2","http://www.facebook.com/profile.php?id=514939937","Natalie","Dance attic in Fulham is worth a try",""
"113","18","3","http://www.facebook.com/profile.php?id=787065656","Stewart","Frame has great facilities though it is not quite central, it's in Shoreditch",""
"114","18","4","http://www.facebook.com/profile.php?id=510133101","Katie","The Siobhan Davies studio is in Elephant & Castle. I've never been there so can't really tell you what it is like but I'm assuming it'll be good because it is Siobhan Davies and it has nice pictures",""
"115","18","5","http://www.facebook.com/profile.php?id=1647474693","Silvia","The Latin Dance Academy for latin dance",""
"116","26","1","http://www.facebook.com/profile.php?id=1610190168","Benjamin","There's a place on Hampstead Heath High St, next to Base Bistro. It's very popular and open until late.","Rob"
"117","26","2","http://www.facebook.com/profile.php?id=887580091","Amit","That place is outstanding! ","Rob"
"118","26","3","http://www.facebook.com/profile.php?id=100000177813383","Jay","I agree, awesome place but often busy.","Rob"
"119","26","4","http://www.facebook.com/profile.php?id=36913712","Veli","The creperie at Hampstead also has a proper shop next to south kensington tube. Again it gets very busy.\n\nThere is always My Old Dutch on the King's Road in Chelsea. The crepes are huge and they have all sorts of fillings - just as much if not more choice than the Hampstead/Kensington creperie. It's also a bit chilled out too.","Rob"
"120","26","5","http://www.facebook.com/profile.php?id=1647474693","Silvia","My Old Dutch in Holborn has 2 for 1 on mondays.","Rob"
"122","20","1","http://www.facebook.com/profile.php?id=514764085","Eleanor","the hummingbird bakery is infamous but I'm not sure that you can eat in!","Chris"
"123","20","2","http://www.facebook.com/profile.php?id=202910712","Laura","You can Eleanor, but there are only a few teeny weeny seats. Red velvet cake...... just the thought of it makes my mouth water!","Chris"
"124","20","3","http://www.facebook.com/profile.php?id=758509877","Sadat","Yeah the red velvet cake is gert lush. Kitchen and Pantry on Kensington Park Road is a nice, lively notting hill place to go for lunch/coffee. ","Chris"
"125","20","4","http://www.facebook.com/profile.php?id=627223707","Catherine","Even if you don't squeeze into the few seats at the Hummingbird Bakery it is worth getting a take-away cupcake as it comes in a cute box and is way tasty!","Chris"
"126","20","5","http://www.facebook.com/profile.php?id=690281872","Joanna","Go to Ottolenghi - the best cakes anywhere - and I mean anywhere","Chris"
"127","20","6","http://www.facebook.com/profile.php?id=61011281","Claire","Hummingbird is great!!!","Chris"
"128","20","7","http://www.facebook.com/profile.php?id=202907562","Anna","Almond croissants and coffees at Caffe Respiro on Kensington Park Rd are amaaaaaaaaaazing, and you can (almost) always get a seat. They also do delicious hot chocolate - and the best panini I've ever had.","Chris"
"129","20","8","http://www.facebook.com/profile.php?id=504441475","Thomas","May not be cake but... the finest portugese custard tarts, or pasteis de nata (belem), in London can be found at the Lisboa Patisserie on Golborne Rd.","Chris"
"130","20","9","http://www.facebook.com/profile.php?id=705355533","Beth","I'd recommend Gails for a girly get together! It's on Portobello Rd on the corner with Lonsdale Rd (and almost opposite Hummingbird if u fancy a cupcake to go!) Gails is a bakery but they have delicious treats and tarts and cakes etc.\nAvoid it on a Sat and go on a Sunday if you have a choice, far less busy.\n202 on Westbourne Grove is also great for a girly lunch. Not cheap and queues though.","Chris"
"131","20","10","http://www.facebook.com/profile.php?id=504441475\n","Thomas","Also... try the Grocer on Elgin","Chris"
"134","39","1","http://www.facebook.com/profile.php?id=556520984","Jules","Eco is good Italian place. Two good pubs near it are The Sun and The Prince of Wales","anna"
"135","39","2","http://www.facebook.com/profile.php?id=537825390","Yasmin","http://www.swisticming.com is a good listings site which may help you","anna"
"136","39","3","http://www.facebook.com/profile.php?id=661132993","Kirsty","The Buona Sera is on Northcote Road has got a good atmosphere and is very affordable","anna"
"137","39","4","http://www.facebook.com/profile.php?id=37107400","Esther","Thanks Yasmin. Has anyone been to either La Rueda or Carmen Bar de Tapas? Any views on them?","anna"
"138","39","5","http://www.facebook.com/profile.php?id=200900855","Claire","I like Thai Orchid in Clapham. Great food, good size portions and a relaxed atmosphere. Good cheap and cheerful night out.","anna"
"139","39","6","http://www.facebook.com/profile.php?id=504188839","Polly","They both do live Spanish music, but I prefer La Rueda.","anna"
"140","39","7","http://www.facebook.com/profile.php?id=648950514","Tristan","La Terraza is a good Spanish place.\nThe calamari is a bit rubbery, but everything else is superb and affordable. The mussels in cream are amazing; the spaghetti and seafood paella is also very good. You can also just stay there after you finish eating, and prop the bar up until 2 a.m.","anna"
"141","39","8","http://www.facebook.com/profile.php?id=888450460","Helen","Lola Rojo!","anna"
"142","33","1","http://www.facebook.com/profile.php?id=638731028","David","I recommend Mantovani's in South Kensington.","zoe"
"143","33","2","http://www.facebook.com/profile.php?id=564490299","Ana","Here are a few of my favourites: Crystal, Wood Green; Churchill Arms, Kensington Church Street and Gaby's, right next to Leicester Square station","zoe"
"144","33","3","http://www.facebook.com/profile.php?id=524730485","Laurie","Thanks!","zoe"
"145","33","4","http://www.facebook.com/profile.php?id=506437124","Ellie","Try Little Bay in Farringdon","zoe"
"146","33","5","http://www.facebook.com/profile.php?id=1060621792","Ricardo","Artisan at the Westbury Mayfair Hotel is great","zoe"
"147","33","6","http://www.facebook.com/profile.php?id=564399594","Xeroid","The Stock Pot - I've been going here for years with large groups of friends (15+)  because it is so friendly on the pocket. The far is basic but it is very hygenic and clean, and very accommodating without having to book in advance, they have even re-opened the downstairs area just for us! The service is faultless, always polite and friendly and we have never had a bad meal here.","zoe"
"148","33","7","http://www.facebook.com/profile.php?id=502820338","Julia","Little Bay is also in Kilburn, it's a really cheap, balkan/european restaurant with great food and beautiful decor","zoe"
"149","33","8","http://www.facebook.com/profile.php?id=578586926","Kristian","Ciao Bella, near Russell Square, I give it full marks!","zoe"
"150","33","9","http://www.facebook.com/profile.php?id=709265232","Dom","LMNT in dalston has brilliant food and very risque toilets, a must see (but not for kids)","zoe"
"151","33","10","http://www.facebook.com/profile.php?id=1647474693","Silvia","There's always Nando's","zoe"
"152","33","11","http://www.facebook.com/profile.php?id=616688524","Chris","I visited London in 2008 and went to the Stock Pot whilst waiting to see Spamalot. The food was good.\n\nI went to a Belgian place that was quite gimmicky but fun and with a great beer selection, I remember they served mussels. I guess if a tourist can find it it isn't much of a secret but it was good.","zoe"
"153","33","12","http://www.facebook.com/profile.php?id=506437124","Ellie","That Belgian place is called Belgos","zoe"
"154","33","13","http://www.facebook.com/profile.php?id=719402436","Judit","I also reccommend Little Bay in Kilburn. Also Little Star in Willesden Green and Pierre Victorie on Dean Street - before 7pm you can get a 2 courses dinner for £9.90","zoe"
"155","33","14","http://www.facebook.com/profile.php?id=882370385","John","I was also going to say Belgos! If you get there between 5 and 6.30 you pay the time you arrived for a meal and a drink - £5 is great value considering the quality of the food! I've also heard good things about the Stock Pot but haven't been there yet. Fire and Stone is my favourite place for gourmet pizzas - they have great deals and vouchers on their website too. The Covent Garden location's nice, and they also have one in Westfield. And the best sushi place is the Japan Centre right on Picadilly Circus - reasonably priced and where all the Japanese go! I'm spilling all my secret places!","zoe"
"156","33","15","http://www.facebook.com/profile.php?id=1647474693","Silvia","Litte Bay in Farringdon is so elegant","zoe"
"157","33","16","http://www.facebook.com/profile.php?id=740435844","Adam","There is a great pizza place in Brixton called Franco Manca. It's tucked away in one of the arms of the arcade off Electric Avenue in a really quaint setting. If you're in that area there is also great Japanese cuisine at Fujiyama. In Covent Garden all of the restaurants in Neal's Yard are great, there's one that does the best bread balls! Finally, Tinseltown in Farringdon is great if you're looking for 24 hour, neon, American diner grooves with great milkshakes.",""
"158","33","17","http://www.facebook.com/profile.php?id=675866950","Ruth","Tayyabs has brilliant food and it is BYO - you can feed 4 people for around £40! But it is very popular so book ahead or be ready to queue",""
"159","33","18","http://www.facebook.com/profile.php?id=222406714","Chris","I totally agree about Tayyabs, great curry, great value and you can bring your own alcohol. I go to Mantovani's in South Ken when I've had to stay late at uni and want some ribs, not a place to take a date though...",""
"160","33","19","http://www.facebook.com/profile.php?id=1647474693","Silvia","Ramen Seto and Misato are always full of Japanese students - careful if you're not a big eater though because the portions are massive!",""
"163","14","20","http://www.facebook.com/profile.php?id=1008550968","Kerry","5 posts ago I posted some photos taken there","Georgia"
"164","14","21","http://www.facebook.com/profile.php?id=526823518","Michael","Brompton is my recommendation","Georgia"
"165","14","22","http://www.facebook.com/profile.php?id=689820373","Luke","I've heard that the reason there isn't a tube station in Muswell Hill is that they started digging a tube station and then hit a plague pit.\n\nRead the 'Austerlitz' by W.G. Sebald? It's about about a hidden Jewish graveyard in Mile End.","Georgia"
"166","14","23","http://www.facebook.com/profile.php?id=752540386","Tom","One of the more unknown ones is old Barnes cemetery which is on Barnes common. There are no fences and it has been left to over grow. I stumbled upon it one winter years ago at twilight - it was quite a spooky discovery","Georgia"
"167","14","24","http://www.facebook.com/profile.php?id=100000220824578","Prabal","It's not really a cemetery, but Westminster Abbey of course has a great number of graves, there's Henry VII, Elizabeth I, Mary I, Chaucer, Tennyson, Browning, Pitt, Dickens, Wilberforce etc etc. Nelson and Wellington are in the crypt of St Paul's","Georgia"
"168","14","25","http://www.facebook.com/profile.php?id=726406711","Merin","No one's yet mentioned Kensal Green, and that's a goodie!","Georgia"
"169","14","26","http://www.facebook.com/profile.php?id=502711601","Chris","For me - its all about Highgate:\nhttp://www.flickr.com/photos/onemorechris/sets/72157623070243085/","Georgia"
"170","14","27","http://www.facebook.com/profile.php?id=698282116","Sian","Putney Lower Common Cemetery is good, but also the really old part of Putney Vale Cemetery (by the crematorium) is very atmospheric...Howard Carter discoverer of Tutankhamun is buried there.","Georgia"
"171","14","28","http://www.facebook.com/profile.php?id=706527693","Helen","I'm loving Brompton's really fashionable gravestones, some with beautiful painted porcelain flowers, some fantastic art nouveau lettering, and the colonnades. \n\nAlso Barnes Common old graveyard which I stumbled across one winter walk - it's overgrown and lost and very sad - a lot of WWI graves.","Georgia"
"172","14","29","http://www.facebook.com/profile.php?id=538162237","Michael","There is a good church at St Pancras - it's pretty good and I think they did a lot of Hammer Horror filming there \n\nhave a look - http://www.flickr.com/search/?w=all&q=pancras+old+church&m=text","Georgia"
"173","14","30","http://www.facebook.com/profile.php?id=682906752","Robert","http://www.facebook.com/profile.php?id=682906752","Georgia"
"174","14","31","http://www.facebook.com/profile.php?id=658185065","Rebecca","There's information about Abney Park, Highgate, Kensal Green, Nunhead, Brompton and West Norwood are on this website: http://www.darkdestiny.co.uk/","Georgia"
"181","43","1","http://www.facebook.com/profile.php?id=634157083","Sreedevi","There's a massive Whole Foods on High Street Kensington. There are smaller ones around town though, I know there's a small one in Camden Town. Also, in Kentish Town on the high street there's a place called Earth.\n\nI remember there being a health food store on Shoreditch High Street when I used to live there just north of Old Street. \n\nOther than that, I don't know. The best thing to do is just walk around in your area; that's how I found the two independent ones, but the Whole Foods near High Street Kensington is so big, and they have everything there.",""
"182","43","2","http://www.facebook.com/profile.php?id=577575480","Laura","Thanks! No reason to be unhealthy now!",""
"184","73","1","http://www.facebook.com/profile.php?id=647159051","Tony","Waterloo Bridge is worth a shot","Josh "
"185","73","2","http://www.facebook.com/profile.php?id=508183201","Andreas","Try the views from Serpentine Lake Bridge","Josh"
"186","73","3","http://www.facebook.com/profile.php?id=100000631393521","RV","Great photos and a cheap ride - pick up the commuter boat from Embankment to Greenwich, for £2 with a day underground ticket. See all the sights along the way, off at Greenwich go to Greenwich park to the Queen Elizabeth One Tree seat area - for the best view of London - then return via DLR to Bank or Tower Gateway for more sights and photo opportunities.","Josh"
"187","73","4","http://www.facebook.com/profile.php?id=223704353","Camilla","You can get the Waterloo Bridge view the other way from Lambeth Bridge too. I've heard Primrose Hill is good, but haven't been myself. ","Josh"
"188","73","5","http://www.facebook.com/profile.php?id=647159051","Tony","Richmond Hill looking down towards the Thames is brilliant, and sometimes you get to see Mick Jagger.","Josh"
"189","73","6","http://www.facebook.com/profile.php?id=199704849","Hannah","The bridge in St James's Park.","Josh"
"194","32","1","http://www.facebook.com/profile.php?id=715237205","Grant","the foundry, old street.\n\nthey let anyone display their work. all you have to give them is one piece which they can add to their collection and get all your mates to turn up on the opening night to spend money drink...","Chris"
"195","32","2","http://www.facebook.com/profile.php?id=1184112125","Hal","you can speak to lots of different venues about this, i knew a pub right on the outskirts that let this guy exhibit his work on every wall, and they all had price tags. i would say if it looks like the kinda place where your work would get looked at and look nice then just speak to the owner.","Chris"
"196","32","3","http://www.facebook.com/profile.php?id=740605252","Tuula","This might not be easy to get to for everyone, but The Brockley Mess in Brockley has a great gallery space","Chris"
"197","41","1","http://www.facebook.com/profile.php?id=542721018","Jon","The music isn't a massive strong point but try abu zhad on uxbridge road, by shepherds bush market tube. its a syrian restaurant specialising in all things middle eastern/mezze style. incredible quality of food, v cheap prices and great cosmopolitan atmosphere. no alcohol but give it a whirl, perfect for lunch too!","Chris"
"203","136","1","http://www.facebook.com/profile.php?id=515265443","Syed","I'm not from London so I'm not sure which club is best for a student night out. Anyone know of any good ones?","Jamie"
"204","136","2","http://www.facebook.com/profile.php?id=501915110","Chris","Loads of students go to Cheapskates in Soho. Also, Walkabout on the Strand is good.","Jamie"
"205","136","3","http://www.facebook.com/profile.php?id=501436022","Bethan","Tiger Tiger on Haymarket is great - full of students, especially on Mondays. Very cheesy though, but great fun.","Jamie"
"206","136","4","http://www.facebook.com/profile.php?id=537825390","Yasmin","Milkshake at Ministry of Sound on Tuesdays gets pretty packed (I used to work there so I know!). Good promos on drinks too.","Jamie"
"208","72","1","http://www.facebook.com/profile.php?id=593025740","Silver","Konditor and Cook. Enjoy.","Rob"
"209","72","2","http://www.facebook.com/profile.php?id=502863015","Aditi","Banoffee muffin at first floor cafe at CX hospital is yum.","Rob"
"210","72","3","http://www.facebook.com/profile.php?id=666170140","Daniel","Waitrose. :)","Rob"
"211","72","4","http://www.facebook.com/profile.php?id=665766153","Tatiana","Kandana Deli on Kilburn Lane passed Ladbroke Grove tube, W10","Rob"
"212","72","5","http://www.facebook.com/profile.php?id=1616970022","Nili","Banoffee pie in Cafe Fiori, Leicester Square is amazing.","Rob"
"213","72","6","http://www.facebook.com/profile.php?id=660709993","Mark","The Windmill Bar in Cricklewood NW2 is bloody lovely!","Rob"
"214","72","7","http://www.facebook.com/profile.php?id=733290900","Malin","I recommend Tartine on Draycott Avenue, South Kensington","Rob"
"215","72","8","http://www.facebook.com/profile.php?id=513421737","Jacqulyn","The one on the dessert menu at the Cambridge Circus Med Kitchen is amazing!","Rob"
"216","72","9","http://www.facebook.com/profile.php?id=530222702","Rasha","Banoffee at Balanz on High Street Kesington, it is addictive!","Rob"
"217","72","10","http://www.facebook.com/profile.php?id=579790445","Hannah","I recommend Annie's In Barnes.","Rob"
"218","72","11","http://www.facebook.com/profile.php?id=565362721","Marta","Unsure about the best but I can tell you the worst is served at Canteen","Rob"
"219","72","12","http://www.facebook.com/profile.php?id=606826268","Jennie","I might be biased as it was my first banoffee pie ever as an american, but I still love the one at The Grove in Hammersmith.","Rob"
"220","72","13","http://www.facebook.com/profile.php?id=502863015","Aditi","Balans was amazing! That was the best I've had so far, thanks for the recommendation! Bella Italia's is rubbish.","Rob"
"222","147","1","http://www.facebook.com/profile.php?id=752540386","Tom","Does anyone know any easily accessible subterranean places in London, or tours which go there? I'm not talking about the Tube, but old tube stations, tramways, subterranean rivers or tramways etc.","Jamie"
"223","147","2","http://www.facebook.com/profile.php?id=662070028","Robert","I'd recommend the Vaults under London Bridge","Jamie"
"224","147","3","http://www.facebook.com/profile.php?id=709121813","Stewart","Tube Station at Dover Street has no public access. And the last person to use it was Winston Churchill during WWII. It still has all the original posters and walkways and hand-painted signs, his wife's sleeping quarters. Try to have a look for it as the trains decelerate between Green Park and Knightsbridge.","Jamie"
"225","147","4","http://www.facebook.com/profile.php?id=752540386","Tom","Thanks guys! Does anyone know how to go to the Camden Catacombs?","Jamie"
"227","73","1","http://www.facebook.com/profile.php?id=647159051","Tony","I agree with Waterloo Bridge.","Chris"
"228","73","2","http://www.facebook.com/profile.php?id=508183201","Andreas","The view from Serpentine Lake bridge is great","Chris"
"229","73","3","http://www.facebook.com/profile.php?id=100000631393521","R","To get a load of great views and a good ride cheaply...pick up the commuter boat from Embankment to Greenwich...cost only £2 with a dayunderground pass ticket, or £5....\n\nAnd see all the sights along the way.......off at Greenwich go to Greenwich park to the Queen Elizabeth One Tree seat area...for the best view of London....\n\nthen return via Docklands Light Railway to Bank or Tower Gateway for more sights and photo opportunities...","Chris"
"230","73","4","http://www.facebook.com/profile.php?id=223704353","Camilla","Lambeth Bridge gives you the same view as Waterloo Bridge but from the other way around. \n\nAnd I hear the view from Primrose Hill is good tho I haven't been there. ","Chris"
"231","73","5","http://www.facebook.com/profile.php?id=100000631393521\n","R","Yes Primrose hill is great!","Chris"
"232","73","6","http://www.facebook.com/profile.php?id=647159051","Tony","Richmond Hill looking down onto the Thames is brillaint and sometimes you might even see Mick Jagger","Chris"
"233","73","7","http://www.facebook.com/profile.php?id=199704849","Hannah","the bridge in st james park is nice","Chris"
"238","15","1","http://www.facebook.com/profile.php?id=722784045","francesco","There's this super old mash and pie shop, M. Manze on tower bridge road 87 http://manze.co.uk","julia"
"239","15","2","http://www.facebook.com/profile.php?id=516620459","Ian","good shops too at Chapel Market, Islington and Walthamstow High Street.","julia"
"240","15","3","http://www.facebook.com/profile.php?id=754370584","marc","http://eastlondonlocal.wordpress.com/2009/04/28/fcookes-pie-and-mash-shop-broadway-market/","julia"
"241","15","4","http://www.facebook.com/profile.php?id=840445535","jim","Manze's chapel st. is the best in London, maybe even the world - I've been going there since i was 5. im 31 now and since i live further away i can't go quite as often these days. it hasnt changed even a little at all since it's first day. one booth says 'i love david soul' - it's just been scratched into one of the wooded back rests - it's untouched!!! no posh decor - but books shouldn't be judged by their covers - try the pie, liquor and mash! it's like a time machine - jesus, i just wanna go back there now lol. and there's another nice more modern pie and mash greenwich place. it's right by the station. excellent food, a broader menu - specialising in pie and mash. honestly though, manzes is GODLY. best of luck, enjoy it :D","julia"
"242","15","5","http://www.facebook.com/profile.php?id=662070028","robert","try s&m - they might do pie :)","julia"
"243","15","6","http://www.facebook.com/profile.php?id=640016052","julian","i don't know all that much about pie... but  'Goddards Pie n' Mas' in Greenwich on a saturday was excellent :)","julia"
"244","15","7","http://www.facebook.com/profile.php?id=800380374","catriona","It's gone :*( replaced by a GBK... damn it. Such a lovely original Victorian spot. Sad. There is some good place around Notting Hill - wish I knew where!",""
"247","78","1","http://www.facebook.com/profile.php?id=505612332","Ashleigh","3D Imax","Josh"
"248","78","2","http://www.facebook.com/profile.php?id=679956272","Stephen","Wimbledon's Polka Theatre - www.polkatheatre.com","Josh"
"249","78","3","http://www.facebook.com/profile.php?id=733021409","Marie","Barbican does great family sessions - http://www.barbican.org.uk/film/series.asp?id=813&show=info. Tate Modern and the British Museum are also pretty child-friendly, even if only for a run around and a hot chocolate. Museum of Childhood is great, as is the Maritime Museum in Greenwich - very good hands-on gallery and other activities on Sunday mornings.","Josh"
"250","78","4","http://www.facebook.com/profile.php?id=753965296","Louise","Try Chislehurst caves. It's walkable from Chislehurst railway and offers a great guided tour. And it's indoors. Will last about an hour. I took a three-year-old and four-year-old, and they loved it!","Josh"
"251","78","5","http://www.facebook.com/profile.php?id=587826314","Barbara","www.geffrye-museum.org.uk. Kingsland Road, north of Liverpool St station. It's a converted row of alms houses linked together with each room in the style of the next century. There is modern and interactive computer stuff, a garden and a restaraurant. Very child friendly.","Josh"
"252","78","6","http://www.facebook.com/profile.php?id=602755114","Sabrina","Really depends what age they are and what they're into.","Josh"
"254","77","1","http://www.facebook.com/profile.php?id=662070028","Robert","Curzon, get a window seat and coffee, watch people stumble :)","Georgia"
"255","77","2","http://www.facebook.com/profile.php?id=833310452","Simeon","The view would be amazing view from the tate modern top floor cafe, although I can't back that up ; )","Georgia"
"256","77","3","http://www.facebook.com/profile.php?id=683861468","Aaron","Primrose hill without question. Although I wouldn't stay for long in this weather ;-)","Georgia"
"259","91","1","http://www.facebook.com/profile.php?id=869360716","Kat","http://www.matsuri-restaurant.com/holborn/menu/teppan_yaki_area.php\n\nThis is pretty pricy but it's really good - There's one just down from Highbury and Islington station on the right hand side thats cheaper and nice as well.","Georgia"
"260","91","2","http://www.facebook.com/profile.php?id=692265907","Michelle","I really enjoy Abeno which is on Museum St just outside the British Museum, or Abeno Too near Leicester Square - its also reasonably priced which is a bonus!\n\nAlthough they do teppanyaki, my favourite dish is their okonomiyaki. (Okonomiyaki is apparently a rural dish, explained to me as sort of a Japanese omelet. It is a base of cabbage, egg and dough with spring onions, ginger and 'tempura' batter.)\n\nwww.abeno.co.uk",""
"261","91","3","http://www.facebook.com/profile.php?id=504433104","Jeni","Benihana is ok, but doesn't have much of an atmosphere (given the area, I think it's a popular 'dinner meeting' venue). \n\nThe place near Highbury and Islington is Sen Nin (http://sen-nin.com/) which is my personal favourite. I don't think teppanyaki is ever going to be cheap in London, but this isn't too bad, and the food is great, as are the cocktails. And the set meals are surprisingly filling! Yum.",""
"262","91","4","http://www.facebook.com/profile.php?id=60502474","Elizabeth","I vote Sen Nin as well - and when you go in a group it's great fun as you get your own chef!",""
"263","91","5","http://www.facebook.com/profile.php?id=569728473","J","We've been to Benihana 3 weeks ago on Friday evening and it was fantastic. I found a cheap deal via iPhone that they didn't have on the main menu - £22 for 8 course meal. It was just enough ..not too much food ..but great quality",""
"264","91","6","http://www.facebook.com/profile.php?id=537825390","Yasmin","I've been to Benihana in Piccadilly a few times (I think there's another one on the Kings Road). The food is always nice but the atmosphere has been really varied. I think it depends on the chef, who's at your table and of course who you're with. It can be pricey too but Janusz's tip sounds good!",""
"265","91","7","http://www.facebook.com/profile.php?id=660511612","Waka","Being Japanese, I think Matsuri is the best one in London. Benihana is fun and they make really good effort to entertain you but sometimes it goes a bit too much..(My friend was slightly offended by some of the dirty jokes.. I didn't mind it but depends on the person, right)\n\nYou will be sure to have great food at Matsuri. I haven't been to Sen Nin but love to try. \n\nOkonomiyaki is great but you can make it at home very easy and I found Abeno is pricey for what they offer. After all, Okonomiyaki is so cakked B graded street food they say in Japan like Ramen!\n\nIf you like spicy food, you can also head to New Malden for amazing Korean BBQ. My favourite is Su-La but any korean restaurant in New Malden are amazing.",""
"266","150","1","http://www.facebook.com/profile.php?id=500477308","Elana","Need one close to an underground station","Jamie"
"267","150","2","http://www.facebook.com/profile.php?id=698905404","Aurelie","Gresham Hotel in Bloomsbury is cheap and close to Oxford Circus and Tottenham Court Road","Jamie"
"268","150","3","http://www.facebook.com/profile.php?id=610278882","Khaled","St Christopher's Hostel near London Bridge is very good, I stayed there once. http://www.st-christophers.co.uk/london-hostels","Jamie"
"269","150","4","http://www.facebook.com/profile.php?id=1284854029","Chiara","Easy Hotel in Earl's Court is really nice and colourful. Only a five minute walk to the tube, all rooms are cheap and come with an ensuite.","Jamie"